{"cameraMode":{"drawMode":0,"name":"Shaded","section":"Shading Mode"},"sceneLighting":true,"audioPlay":false,"sceneViewState":{"showFog":true,"showMaterialUpdate":false,"showSkybox":true,"showFlares":true,"showImageEffects":true,"showParticleSystems":true},"in2DMode":false,"pivot":{"x":10.538320541381836,"y":5.155064105987549,"z":-5.062509059906006},"rotation":{"x":-0.17691980302333833,"y":0.40323278307914736,"z":-0.07976962625980377,"w":-0.8942893147468567},"size":4.97114372253418,"orthographic":false}