{"cameraMode":{"drawMode":0,"name":"Shaded","section":"Shading Mode"},"sceneLighting":false,"audioPlay":false,"sceneViewState":{"showFog":true,"showMaterialUpdate":false,"showSkybox":false,"showFlares":true,"showImageEffects":true,"showParticleSystems":true},"in2DMode":false,"pivot":{"x":-0.3794216513633728,"y":0.5342601537704468,"z":3.5258285999298097},"rotation":{"x":-0.0062456862069666389,"y":0.600461483001709,"z":-0.0046883514150977139,"w":-0.799621045589447},"size":4.041658878326416,"orthographic":false}