{"cameraMode":{"drawMode":0,"name":"Shaded","section":"Shading Mode"},"sceneLighting":true,"audioPlay":false,"sceneViewState":{"showFog":true,"showMaterialUpdate":false,"showSkybox":true,"showFlares":true,"showImageEffects":true,"showParticleSystems":true},"in2DMode":false,"pivot":{"x":-17.080902099609376,"y":142.16250610351563,"z":37.8798942565918},"rotation":{"x":-0.04675641655921936,"y":0.03954528644680977,"z":-0.001851532724685967,"w":-0.9981282353401184},"size":509.8918151855469,"orthographic":false}