{"cameraMode":{"drawMode":0,"name":"Shaded","section":"Shading Mode"},"sceneLighting":false,"audioPlay":false,"sceneViewState":{"showFog":true,"showMaterialUpdate":false,"showSkybox":false,"showFlares":true,"showImageEffects":true,"showParticleSystems":true},"in2DMode":false,"pivot":{"x":-0.3794217109680176,"y":1.7242602109909058,"z":3.5258285999298097},"rotation":{"x":0.034755438566207889,"y":-0.05213536322116852,"z":0.0018181202467530966,"w":0.9980403780937195},"size":4.893800735473633,"orthographic":false}